preprocess,feature_map,model,seconds,ok,timed_out,converged,unreliable,accuracy,balanced_accuracy,auc,sensitivity,specificity,error
None (identity),None (identity),Random Forest,4.818887,True,False,True,False,0.9583333333333334,0.94,0.9948936170212765,0.88,1.0,
None (identity),None (identity),Gradient Boosting,16.772158,True,False,True,False,0.8055555555555556,0.8042553191489361,0.7987234042553192,0.8,0.8085106382978723,
None (identity),None (identity),Hist Gradient Boosting,12.935767,True,False,True,False,0.9583333333333334,0.9587234042553192,0.929787234042553,0.96,0.9574468085106383,
None (identity),None (identity),Logistic Regression,0.241499,True,False,True,False,0.9722222222222222,0.9693617021276595,0.9982978723404256,0.96,0.9787234042553191,
None (identity),None (identity),SVM (linear),0.389567,True,False,True,False,0.9722222222222222,0.96,0.9948936170212767,0.92,1.0,
None (identity),None (identity),SVM (RBF),0.419508,True,False,True,False,0.9583333333333334,0.94,1.0,0.88,1.0,
None (identity),None (identity),Decision Tree,0.275813,True,False,True,False,0.7916666666666666,0.7936170212765958,0.7936170212765958,0.8,0.7872340425531915,
None (identity),None (identity),Naive Bayes,0.078545,True,False,True,False,0.9861111111111112,0.98,1.0,0.96,1.0,
None (identity),None (identity),k-NN,0.061218,True,False,True,False,0.9027777777777778,0.86,0.9825531914893617,0.72,1.0,
None (identity),None (identity),K-TSP (Top-Scoring Pairs),3.09224,True,False,True,False,0.9861111111111112,0.98,0.9957446808510639,0.96,1.0,
None (identity),None (identity),Nearest Shrunken Centroid,0.056653,True,False,True,False,0.9444444444444444,0.9293617021276596,0.9280851063829787,0.88,0.9787234042553191,
None (identity),PCA (50 components),Random Forest,4.686766,True,False,True,False,0.9027777777777778,0.86,0.9557446808510638,0.72,1.0,
None (identity),PCA (50 components),Gradient Boosting,0.76544,True,False,True,False,0.8611111111111112,0.8374468085106384,0.8748936170212767,0.76,0.9148936170212766,
None (identity),PCA (50 components),Hist Gradient Boosting,0.469221,True,False,True,False,0.875,0.8668085106382979,0.908936170212766,0.84,0.8936170212765957,
None (identity),PCA (50 components),Logistic Regression,0.312517,True,False,True,False,0.9583333333333334,0.9587234042553192,0.9931914893617021,0.96,0.9574468085106383,
None (identity),PCA (50 components),SVM (linear),0.382436,True,False,True,False,0.9722222222222222,0.96,0.9948936170212767,0.92,1.0,
None (identity),PCA (50 components),SVM (RBF),0.381351,True,False,True,False,0.9444444444444444,0.9199999999999999,0.9923404255319149,0.84,1.0,
None (identity),PCA (50 components),Decision Tree,0.30469,True,False,True,False,0.8611111111111112,0.8374468085106384,0.8374468085106382,0.76,0.9148936170212766,
None (identity),PCA (50 components),Naive Bayes,0.296859,True,False,True,False,0.9444444444444444,0.9293617021276596,0.9931914893617021,0.88,0.9787234042553191,
None (identity),PCA (50 components),k-NN,0.304622,True,False,True,False,0.9027777777777778,0.86,0.9795744680851064,0.72,1.0,
None (identity),PCA (50 components),K-TSP (Top-Scoring Pairs),0.384771,True,False,True,False,0.8611111111111112,0.865531914893617,0.9251063829787234,0.88,0.851063829787234,
None (identity),PCA (50 components),Nearest Shrunken Centroid,0.29946,True,False,True,False,0.9444444444444444,0.9293617021276596,0.9280851063829787,0.88,0.9787234042553191,
None (identity),Class-conditional PCA,Random Forest,4.654016,True,False,True,False,0.7777777777777778,0.6893617021276596,0.9306382978723403,0.4,0.9787234042553191,
None (identity),Class-conditional PCA,Gradient Boosting,0.653201,True,False,True,True,0.6388888888888888,0.48936170212765956,0.5085106382978724,0.0,0.9787234042553191,
None (identity),Class-conditional PCA,Hist Gradient Boosting,0.372649,True,False,True,False,0.7916666666666666,0.7093617021276596,0.8740425531914894,0.44,0.9787234042553191,
None (identity),Class-conditional PCA,Logistic Regression,0.248145,True,False,True,False,0.8888888888888888,0.8680851063829788,0.9702127659574468,0.8,0.9361702127659575,
None (identity),Class-conditional PCA,SVM (linear),0.314799,True,False,True,False,0.875,0.8574468085106384,0.931063829787234,0.8,0.9148936170212766,
None (identity),Class-conditional PCA,SVM (RBF),0.316868,True,False,True,False,0.8333333333333334,0.7787234042553192,0.9540425531914893,0.6,0.9574468085106383,
None (identity),Class-conditional PCA,Decision Tree,0.219,True,False,True,True,0.6388888888888888,0.5080851063829788,0.5080851063829788,0.08,0.9361702127659575,
None (identity),Class-conditional PCA,Naive Bayes,0.263813,True,False,True,False,0.8194444444444444,0.7774468085106383,0.9361702127659574,0.64,0.9148936170212766,
None (identity),Class-conditional PCA,k-NN,0.241855,True,False,True,False,0.7638888888888888,0.66,0.8880851063829788,0.32,1.0,
None (identity),Class-conditional PCA,K-TSP (Top-Scoring Pairs),0.279073,True,False,True,False,0.8194444444444444,0.8242553191489361,0.8604255319148936,0.84,0.8085106382978723,
None (identity),Class-conditional PCA,Nearest Shrunken Centroid,0.220086,True,False,True,False,0.8472222222222222,0.8268085106382979,0.8268085106382979,0.76,0.8936170212765957,
None (identity),Rank transform (TSP-style),Random Forest,4.89608,True,False,True,False,0.9722222222222222,0.96,0.9961702127659575,0.92,1.0,
None (identity),Rank transform (TSP-style),Gradient Boosting,16.853482,True,False,True,False,0.8194444444444444,0.8055319148936171,0.8136170212765956,0.76,0.851063829787234,
None (identity),Rank transform (TSP-style),Hist Gradient Boosting,13.366992,True,False,True,False,0.8888888888888888,0.8868085106382979,0.8212765957446808,0.88,0.8936170212765957,
None (identity),Rank transform (TSP-style),Logistic Regression,0.556421,True,False,True,False,0.9722222222222222,0.96,0.9940425531914894,0.92,1.0,
None (identity),Rank transform (TSP-style),SVM (linear),0.816813,True,False,True,False,0.9722222222222222,0.96,0.9948936170212767,0.92,1.0,
None (identity),Rank transform (TSP-style),SVM (RBF),0.841512,True,False,True,False,0.9722222222222222,0.96,0.9948936170212767,0.92,1.0,
None (identity),Rank transform (TSP-style),Decision Tree,0.628914,True,False,True,False,0.8333333333333334,0.8255319148936171,0.825531914893617,0.8,0.851063829787234,
None (identity),Rank transform (TSP-style),Naive Bayes,0.438688,True,False,True,False,0.9166666666666666,0.8893617021276596,0.9272340425531915,0.8,0.9787234042553191,
None (identity),Rank transform (TSP-style),k-NN,0.417213,True,False,True,False,0.9583333333333334,0.9493617021276596,0.9829787234042553,0.92,0.9787234042553191,
None (identity),Rank transform (TSP-style),K-TSP (Top-Scoring Pairs),3.441992,True,False,True,False,0.9305555555555556,0.9374468085106382,0.9774468085106384,0.96,0.9148936170212766,
None (identity),Rank transform (TSP-style),Nearest Shrunken Centroid,0.412333,True,False,True,False,0.9583333333333334,0.9493617021276596,0.9689361702127659,0.92,0.9787234042553191,
None (identity),Select best 500 genes,Random Forest,4.545005,True,False,True,False,0.9861111111111112,0.98,0.9957446808510638,0.96,1.0,
None (identity),Select best 500 genes,Gradient Boosting,1.555228,True,False,True,False,0.8194444444444444,0.8242553191489361,0.8331914893617021,0.84,0.8085106382978723,
None (identity),Select best 500 genes,Hist Gradient Boosting,0.773965,True,False,True,False,0.9583333333333334,0.9587234042553192,0.9306382978723404,0.96,0.9574468085106383,
None (identity),Select best 500 genes,Logistic Regression,0.134519,True,False,True,False,0.9861111111111112,0.98,0.9957446808510638,0.96,1.0,
None (identity),Select best 500 genes,SVM (linear),0.200737,True,False,True,False,0.9722222222222222,0.96,0.9931914893617021,0.92,1.0,
None (identity),Select best 500 genes,SVM (RBF),0.192183,True,False,True,False,0.9722222222222222,0.96,0.9923404255319149,0.92,1.0,
None (identity),Select best 500 genes,Decision Tree,0.119639,True,False,True,False,0.8194444444444444,0.8148936170212766,0.8148936170212766,0.8,0.8297872340425532,
None (identity),Select best 500 genes,Naive Bayes,0.107665,True,False,True,False,0.9722222222222222,0.9693617021276595,0.9982978723404254,0.96,0.9787234042553191,
None (identity),Select best 500 genes,k-NN,0.108479,True,False,True,False,0.9444444444444444,0.9199999999999999,0.9748936170212766,0.84,1.0,
None (identity),Select best 500 genes,K-TSP (Top-Scoring Pairs),3.13608,True,False,True,False,0.9027777777777778,0.8974468085106383,0.9825531914893616,0.88,0.9148936170212766,
None (identity),Select best 500 genes,Nearest Shrunken Centroid,0.097981,True,False,True,False,0.9722222222222222,0.96,0.96,0.92,1.0,
Standardize (z-score),None (identity),Random Forest,4.471613,True,False,True,False,0.9583333333333334,0.94,0.9948936170212765,0.88,1.0,
Standardize (z-score),None (identity),Gradient Boosting,16.702593,True,False,True,False,0.8055555555555556,0.8042553191489361,0.7987234042553192,0.8,0.8085106382978723,
Standardize (z-score),None (identity),Hist Gradient Boosting,12.873116,True,False,True,False,0.9583333333333334,0.9587234042553192,0.929787234042553,0.96,0.9574468085106383,
Standardize (z-score),None (identity),Logistic Regression,0.268531,True,False,True,False,0.9444444444444444,0.9199999999999999,1.0,0.84,1.0,
Standardize (z-score),None (identity),SVM (linear),0.496085,True,False,True,False,0.9305555555555556,0.9,1.0,0.8,1.0,
Standardize (z-score),None (identity),SVM (RBF),0.536885,True,False,True,False,0.875,0.8200000000000001,0.9676595744680851,0.64,1.0,
Standardize (z-score),None (identity),Decision Tree,0.288571,True,False,True,False,0.7916666666666666,0.7936170212765958,0.7936170212765958,0.8,0.7872340425531915,
Standardize (z-score),None (identity),Naive Bayes,0.091641,True,False,True,False,0.9722222222222222,0.9693617021276595,0.988936170212766,0.96,0.9787234042553191,
Standardize (z-score),None (identity),k-NN,0.075131,True,False,True,False,0.7916666666666666,0.7280851063829787,0.8680851063829789,0.52,0.9361702127659575,
Standardize (z-score),None (identity),K-TSP (Top-Scoring Pairs),3.10764,True,False,True,False,0.8472222222222222,0.8736170212765957,0.9740425531914894,0.96,0.7872340425531915,
Standardize (z-score),None (identity),Nearest Shrunken Centroid,0.068945,True,False,True,False,0.9305555555555556,0.9187234042553192,0.9906382978723405,0.88,0.9574468085106383,
Standardize (z-score),PCA (50 components),Random Forest,4.72986,True,False,True,False,0.7638888888888888,0.66,0.9587234042553192,0.32,1.0,
Standardize (z-score),PCA (50 components),Gradient Boosting,0.872548,True,False,True,False,0.8055555555555556,0.7293617021276595,0.7706382978723405,0.48,0.9787234042553191,
Standardize (z-score),PCA (50 components),Hist Gradient Boosting,0.48007,True,False,True,False,0.9166666666666666,0.8893617021276596,0.9514893617021276,0.8,0.9787234042553191,
Standardize (z-score),PCA (50 components),Logistic Regression,0.345991,True,False,True,False,0.9166666666666666,0.88,1.0,0.76,1.0,
Standardize (z-score),PCA (50 components),SVM (linear),0.392618,True,False,True,False,0.9305555555555556,0.9,1.0,0.8,1.0,
Standardize (z-score),PCA (50 components),SVM (RBF),0.404733,True,False,True,False,0.9027777777777778,0.86,0.9872340425531915,0.72,1.0,
Standardize (z-score),PCA (50 components),Decision Tree,0.315342,True,False,True,False,0.8194444444444444,0.7493617021276595,0.7493617021276596,0.52,0.9787234042553191,
Standardize (z-score),PCA (50 components),Naive Bayes,0.3124,True,False,True,False,0.8333333333333334,0.76,0.912340425531915,0.52,1.0,
Standardize (z-score),PCA (50 components),k-NN,0.317734,True,False,True,False,0.7638888888888888,0.6787234042553192,0.7965957446808509,0.4,0.9574468085106383,
Standardize (z-score),PCA (50 components),K-TSP (Top-Scoring Pairs),0.387588,True,False,True,False,0.75,0.7897872340425531,0.9259574468085107,0.92,0.6595744680851063,
Standardize (z-score),PCA (50 components),Nearest Shrunken Centroid,0.305752,True,False,True,False,0.8333333333333334,0.8255319148936171,0.9182978723404256,0.8,0.851063829787234,
Standardize (z-score),Class-conditional PCA,Random Forest,4.774873,True,False,True,False,0.7083333333333334,0.58,0.7391489361702128,0.16,1.0,
Standardize (z-score),Class-conditional PCA,Gradient Boosting,0.673283,True,False,True,True,0.625,0.4787234042553192,0.5425531914893618,0.0,0.9574468085106383,
Standardize (z-score),Class-conditional PCA,Hist Gradient Boosting,0.392157,True,False,True,False,0.6527777777777778,0.5655319148936171,0.6646808510638298,0.28,0.851063829787234,
Standardize (z-score),Class-conditional PCA,Logistic Regression,0.411196,True,False,True,False,0.7916666666666666,0.7280851063829787,0.8476595744680852,0.52,0.9361702127659575,
Standardize (z-score),Class-conditional PCA,SVM (linear),0.40304,True,False,True,False,0.7916666666666666,0.7280851063829787,0.1625531914893617,0.52,0.9361702127659575,
Standardize (z-score),Class-conditional PCA,SVM (RBF),0.329539,True,False,True,False,0.7083333333333334,0.6080851063829787,0.37787234042553197,0.28,0.9361702127659575,
Standardize (z-score),Class-conditional PCA,Decision Tree,0.241543,True,False,True,False,0.6805555555555556,0.5587234042553192,0.5587234042553191,0.16,0.9574468085106383,
Standardize (z-score),Class-conditional PCA,Naive Bayes,0.236234,True,False,True,False,0.7777777777777778,0.7174468085106382,0.8170212765957447,0.52,0.9148936170212766,
Standardize (z-score),Class-conditional PCA,k-NN,0.236041,True,False,True,False,0.6527777777777778,0.5280851063829788,0.568936170212766,0.12,0.9361702127659575,
Standardize (z-score),Class-conditional PCA,K-TSP (Top-Scoring Pairs),0.280017,True,False,True,False,0.6944444444444444,0.7191489361702128,0.8170212765957447,0.8,0.6382978723404256,
Standardize (z-score),Class-conditional PCA,Nearest Shrunken Centroid,0.228151,True,False,True,False,0.7083333333333334,0.711063829787234,0.7259574468085107,0.72,0.7021276595744681,
Standardize (z-score),Rank transform (TSP-style),Random Forest,4.939059,True,False,True,False,0.9305555555555556,0.9,0.9957446808510638,0.8,1.0,
Standardize (z-score),Rank transform (TSP-style),Gradient Boosting,14.022148,True,False,True,False,0.8472222222222222,0.8361702127659575,0.8651063829787233,0.8,0.8723404255319149,
Standardize (z-score),Rank transform (TSP-style),Hist Gradient Boosting,12.980966,True,False,True,False,0.8888888888888888,0.8868085106382979,0.8212765957446808,0.88,0.8936170212765957,
Standardize (z-score),Rank transform (TSP-style),Logistic Regression,0.639538,True,False,True,False,0.9583333333333334,0.94,0.9974468085106383,0.88,1.0,
Standardize (z-score),Rank transform (TSP-style),SVM (linear),0.809494,True,False,True,False,0.9583333333333334,0.94,0.9957446808510638,0.88,1.0,
Standardize (z-score),Rank transform (TSP-style),SVM (RBF),0.908652,True,False,True,False,0.9166666666666666,0.88,0.982127659574468,0.76,1.0,
Standardize (z-score),Rank transform (TSP-style),Decision Tree,0.621551,True,False,True,False,0.7916666666666666,0.765531914893617,0.765531914893617,0.68,0.851063829787234,
Standardize (z-score),Rank transform (TSP-style),Naive Bayes,0.456411,True,False,True,False,0.9305555555555556,0.9093617021276595,0.9565957446808511,0.84,0.9787234042553191,
Standardize (z-score),Rank transform (TSP-style),k-NN,0.428305,True,False,True,False,0.7916666666666666,0.7561702127659575,0.8846808510638298,0.64,0.8723404255319149,
Standardize (z-score),Rank transform (TSP-style),K-TSP (Top-Scoring Pairs),3.428152,True,False,True,False,0.8333333333333334,0.8348936170212766,0.9034042553191488,0.84,0.8297872340425532,
Standardize (z-score),Rank transform (TSP-style),Nearest Shrunken Centroid,0.429034,True,False,True,False,0.8333333333333334,0.8255319148936171,0.8212765957446809,0.8,0.851063829787234,
Standardize (z-score),Select best 500 genes,Random Forest,4.505296,True,False,True,False,0.9861111111111112,0.98,0.9957446808510638,0.96,1.0,
Standardize (z-score),Select best 500 genes,Gradient Boosting,1.581425,True,False,True,False,0.8194444444444444,0.8242553191489361,0.8331914893617021,0.84,0.8085106382978723,
Standardize (z-score),Select best 500 genes,Hist Gradient Boosting,0.787889,True,False,True,False,0.9583333333333334,0.9587234042553192,0.9306382978723404,0.96,0.9574468085106383,
Standardize (z-score),Select best 500 genes,Logistic Regression,0.133935,True,False,True,False,0.9861111111111112,0.98,0.9948936170212767,0.96,1.0,
Standardize (z-score),Select best 500 genes,SVM (linear),0.209774,True,False,True,False,0.9861111111111112,0.98,0.9940425531914894,0.96,1.0,
Standardize (z-score),Select best 500 genes,SVM (RBF),0.213969,True,False,True,False,0.9583333333333334,0.9587234042553192,0.9770212765957447,0.96,0.9574468085106383,
Standardize (z-score),Select best 500 genes,Decision Tree,0.129799,True,False,True,False,0.8194444444444444,0.8148936170212766,0.8148936170212766,0.8,0.8297872340425532,
Standardize (z-score),Select best 500 genes,Naive Bayes,0.116297,True,False,True,False,0.9722222222222222,0.9693617021276595,0.9880851063829788,0.96,0.9787234042553191,
Standardize (z-score),Select best 500 genes,k-NN,0.121433,True,False,True,False,0.9444444444444444,0.9199999999999999,0.9787234042553191,0.84,1.0,
Standardize (z-score),Select best 500 genes,K-TSP (Top-Scoring Pairs),3.14263,True,False,True,False,0.9166666666666666,0.9361702127659575,0.9817021276595745,1.0,0.8723404255319149,
Standardize (z-score),Select best 500 genes,Nearest Shrunken Centroid,0.110278,True,False,True,False,0.9444444444444444,0.9293617021276596,0.9863829787234043,0.88,0.9787234042553191,
Robust standardize (median/IQR),None (identity),Random Forest,6.607132,True,False,True,False,0.9583333333333334,0.94,0.9948936170212767,0.88,1.0,
Robust standardize (median/IQR),None (identity),Gradient Boosting,18.79406,True,False,True,False,0.8055555555555556,0.8042553191489361,0.7987234042553192,0.8,0.8085106382978723,
Robust standardize (median/IQR),None (identity),Hist Gradient Boosting,14.916678,True,False,True,False,0.9583333333333334,0.9587234042553192,0.929787234042553,0.96,0.9574468085106383,
Robust standardize (median/IQR),None (identity),Logistic Regression,2.506147,True,False,True,False,0.9583333333333334,0.94,1.0,0.88,1.0,
Robust standardize (median/IQR),None (identity),SVM (linear),2.561138,True,False,True,False,0.9583333333333334,0.94,1.0,0.88,1.0,
Robust standardize (median/IQR),None (identity),SVM (RBF),2.659388,True,False,True,False,0.9305555555555556,0.9,0.9948936170212767,0.8,1.0,
Robust standardize (median/IQR),None (identity),Decision Tree,2.381623,True,False,True,False,0.7916666666666666,0.7936170212765958,0.7936170212765958,0.8,0.7872340425531915,
Robust standardize (median/IQR),None (identity),Naive Bayes,2.181771,True,False,True,False,0.9305555555555556,0.9374468085106382,0.9693617021276596,0.96,0.9148936170212766,
Robust standardize (median/IQR),None (identity),k-NN,2.175015,True,False,True,False,0.7777777777777778,0.6893617021276596,0.9519148936170213,0.4,0.9787234042553191,
Robust standardize (median/IQR),None (identity),K-TSP (Top-Scoring Pairs),5.209022,True,False,True,False,0.7916666666666666,0.831063829787234,0.9263829787234042,0.96,0.7021276595744681,
Robust standardize (median/IQR),None (identity),Nearest Shrunken Centroid,2.166756,True,False,True,False,0.9027777777777778,0.8787234042553191,0.9736170212765957,0.8,0.9574468085106383,
Robust standardize (median/IQR),PCA (50 components),Random Forest,6.885072,True,False,True,False,0.8194444444444444,0.74,0.9782978723404255,0.48,1.0,
Robust standardize (median/IQR),PCA (50 components),Gradient Boosting,2.932637,True,False,True,False,0.8611111111111112,0.8187234042553192,0.8382978723404255,0.68,0.9574468085106383,
Robust standardize (median/IQR),PCA (50 components),Hist Gradient Boosting,2.583799,True,False,True,False,0.8611111111111112,0.8280851063829787,0.9625531914893617,0.72,0.9361702127659575,
Robust standardize (median/IQR),PCA (50 components),Logistic Regression,2.430068,True,False,True,False,0.9583333333333334,0.94,0.9991489361702127,0.88,1.0,
Robust standardize (median/IQR),PCA (50 components),SVM (linear),2.528657,True,False,True,False,0.9722222222222222,0.96,0.9991489361702127,0.92,1.0,
Robust standardize (median/IQR),PCA (50 components),SVM (RBF),2.5088,True,False,True,False,0.9722222222222222,0.96,0.9974468085106384,0.92,1.0,
Robust standardize (median/IQR),PCA (50 components),Decision Tree,2.427273,True,False,True,False,0.8611111111111112,0.8280851063829787,0.8280851063829787,0.72,0.9361702127659575,
Robust standardize (median/IQR),PCA (50 components),Naive Bayes,2.40433,True,False,True,False,0.875,0.8668085106382979,0.9063829787234042,0.84,0.8936170212765957,
Robust standardize (median/IQR),PCA (50 components),k-NN,2.401667,True,False,True,False,0.7361111111111112,0.62,0.8919148936170213,0.24,1.0,
Robust standardize (median/IQR),PCA (50 components),K-TSP (Top-Scoring Pairs),2.506962,True,False,True,False,0.8472222222222222,0.8548936170212766,0.9519148936170213,0.88,0.8297872340425532,
Robust standardize (median/IQR),PCA (50 components),Nearest Shrunken Centroid,2.413913,True,False,True,False,0.9305555555555556,0.9093617021276595,0.9838297872340426,0.84,0.9787234042553191,
Robust standardize (median/IQR),Class-conditional PCA,Random Forest,6.698211,True,False,True,False,0.8055555555555556,0.7293617021276595,0.8446808510638298,0.48,0.9787234042553191,
Robust standardize (median/IQR),Class-conditional PCA,Gradient Boosting,2.858306,True,False,True,True,0.5972222222222222,0.4574468085106383,0.49234042553191487,0.0,0.9148936170212766,
Robust standardize (median/IQR),Class-conditional PCA,Hist Gradient Boosting,2.487002,True,False,True,False,0.6111111111111112,0.5429787234042553,0.6646808510638299,0.32,0.7659574468085106,
Robust standardize (median/IQR),Class-conditional PCA,Logistic Regression,2.448181,True,False,True,False,0.9027777777777778,0.8880851063829787,0.9463829787234043,0.84,0.9361702127659575,
Robust standardize (median/IQR),Class-conditional PCA,SVM (linear),2.472785,True,False,True,False,0.8888888888888888,0.8774468085106383,0.06638297872340426,0.84,0.9148936170212766,
Robust standardize (median/IQR),Class-conditional PCA,SVM (RBF),2.420236,True,False,True,False,0.7916666666666666,0.7093617021276596,0.1302127659574468,0.44,0.9787234042553191,
Robust standardize (median/IQR),Class-conditional PCA,Decision Tree,2.349999,True,False,True,True,0.5972222222222222,0.4574468085106383,0.4574468085106383,0.0,0.9148936170212766,
Robust standardize (median/IQR),Class-conditional PCA,Naive Bayes,2.354011,True,False,True,False,0.8888888888888888,0.8680851063829788,0.966808510638298,0.8,0.9361702127659575,
Robust standardize (median/IQR),Class-conditional PCA,k-NN,2.343584,True,False,True,False,0.6944444444444444,0.56,0.6361702127659574,0.12,1.0,
Robust standardize (median/IQR),Class-conditional PCA,K-TSP (Top-Scoring Pairs),2.370354,True,False,True,False,0.75,0.7242553191489361,0.8242553191489362,0.64,0.8085106382978723,
Robust standardize (median/IQR),Class-conditional PCA,Nearest Shrunken Centroid,2.381491,True,False,True,False,0.7222222222222222,0.7123404255319149,0.8323404255319149,0.68,0.7446808510638298,
Robust standardize (median/IQR),Rank transform (TSP-style),Random Forest,7.090766,True,False,True,False,0.9583333333333334,0.94,0.9936170212765957,0.88,1.0,
Robust standardize (median/IQR),Rank transform (TSP-style),Gradient Boosting,18.67706,True,False,True,False,0.8194444444444444,0.8148936170212766,0.8038297872340425,0.8,0.8297872340425532,
Robust standardize (median/IQR),Rank transform (TSP-style),Hist Gradient Boosting,15.202991,True,False,True,False,0.8611111111111112,0.8561702127659574,0.8029787234042552,0.84,0.8723404255319149,
Robust standardize (median/IQR),Rank transform (TSP-style),Logistic Regression,2.740833,True,False,True,False,0.9583333333333334,0.94,0.9957446808510638,0.88,1.0,
Robust standardize (median/IQR),Rank transform (TSP-style),SVM (linear),2.921171,True,False,True,False,0.9583333333333334,0.94,0.9948936170212767,0.88,1.0,
Robust standardize (median/IQR),Rank transform (TSP-style),SVM (RBF),2.994714,True,False,True,False,0.9166666666666666,0.88,0.9846808510638299,0.76,1.0,
Robust standardize (median/IQR),Rank transform (TSP-style),Decision Tree,2.734539,True,False,True,False,0.75,0.7336170212765958,0.7336170212765958,0.68,0.7872340425531915,
Robust standardize (median/IQR),Rank transform (TSP-style),Naive Bayes,2.549749,True,False,True,False,0.9027777777777778,0.8787234042553191,0.9417021276595745,0.8,0.9574468085106383,
Robust standardize (median/IQR),Rank transform (TSP-style),k-NN,2.528912,True,False,True,False,0.8611111111111112,0.8374468085106384,0.928936170212766,0.76,0.9148936170212766,
Robust standardize (median/IQR),Rank transform (TSP-style),K-TSP (Top-Scoring Pairs),5.520728,True,False,True,False,0.6527777777777778,0.6778723404255319,0.7506382978723403,0.76,0.5957446808510638,
Robust standardize (median/IQR),Rank transform (TSP-style),Nearest Shrunken Centroid,2.51775,True,False,True,False,0.8333333333333334,0.8255319148936171,0.825531914893617,0.8,0.851063829787234,
Robust standardize (median/IQR),Select best 500 genes,Random Forest,6.615632,True,False,True,False,0.9861111111111112,0.98,0.9957446808510638,0.96,1.0,
Robust standardize (median/IQR),Select best 500 genes,Gradient Boosting,3.665699,True,False,True,False,0.8194444444444444,0.8242553191489361,0.8331914893617021,0.84,0.8085106382978723,
Robust standardize (median/IQR),Select best 500 genes,Hist Gradient Boosting,2.889276,True,False,True,False,0.9583333333333334,0.9587234042553192,0.9306382978723404,0.96,0.9574468085106383,
Robust standardize (median/IQR),Select best 500 genes,Logistic Regression,2.253353,True,False,True,False,0.9583333333333334,0.9587234042553192,0.9889361702127659,0.96,0.9574468085106383,
Robust standardize (median/IQR),Select best 500 genes,SVM (linear),2.292727,True,False,True,False,0.9444444444444444,0.9480851063829787,0.9804255319148937,0.96,0.9361702127659575,
Robust standardize (median/IQR),Select best 500 genes,SVM (RBF),2.347652,True,False,True,False,0.9166666666666666,0.9174468085106383,0.9685106382978724,0.92,0.9148936170212766,
Robust standardize (median/IQR),Select best 500 genes,Decision Tree,2.242059,True,False,True,False,0.8194444444444444,0.8148936170212766,0.8148936170212766,0.8,0.8297872340425532,
Robust standardize (median/IQR),Select best 500 genes,Naive Bayes,2.221509,True,False,True,False,0.9444444444444444,0.9480851063829787,0.9651063829787234,0.96,0.9361702127659575,
Robust standardize (median/IQR),Select best 500 genes,k-NN,2.21689,True,False,True,False,0.875,0.8200000000000001,0.9680851063829787,0.64,1.0,
Robust standardize (median/IQR),Select best 500 genes,K-TSP (Top-Scoring Pairs),5.257291,True,False,True,False,0.9305555555555556,0.9468085106382979,0.9910638297872341,1.0,0.8936170212765957,
Robust standardize (median/IQR),Select best 500 genes,Nearest Shrunken Centroid,2.236697,True,False,True,False,0.8472222222222222,0.78,0.9565957446808511,0.56,1.0,
Variance filter + standardize,None (identity),Random Forest,4.589838,True,False,True,False,0.9583333333333334,0.94,0.9948936170212765,0.88,1.0,
Variance filter + standardize,None (identity),Gradient Boosting,16.595346,True,False,True,False,0.8055555555555556,0.8042553191489361,0.7987234042553192,0.8,0.8085106382978723,
Variance filter + standardize,None (identity),Hist Gradient Boosting,12.716504,True,False,True,False,0.9583333333333334,0.9587234042553192,0.929787234042553,0.96,0.9574468085106383,
Variance filter + standardize,None (identity),Logistic Regression,0.288865,True,False,True,False,0.9444444444444444,0.9199999999999999,1.0,0.84,1.0,
Variance filter + standardize,None (identity),SVM (linear),0.527148,True,False,True,False,0.9305555555555556,0.9,1.0,0.8,1.0,
Variance filter + standardize,None (identity),SVM (RBF),0.624093,True,False,True,False,0.875,0.8200000000000001,0.9676595744680851,0.64,1.0,
Variance filter + standardize,None (identity),Decision Tree,0.330516,True,False,True,False,0.7916666666666666,0.7936170212765958,0.7936170212765958,0.8,0.7872340425531915,
Variance filter + standardize,None (identity),Naive Bayes,0.134209,True,False,True,False,0.9722222222222222,0.9693617021276595,0.988936170212766,0.96,0.9787234042553191,
Variance filter + standardize,None (identity),k-NN,0.122027,True,False,True,False,0.7916666666666666,0.7280851063829787,0.8680851063829789,0.52,0.9361702127659575,
Variance filter + standardize,None (identity),K-TSP (Top-Scoring Pairs),3.131503,True,False,True,False,0.8333333333333334,0.8629787234042553,0.9702127659574469,0.96,0.7659574468085106,
Variance filter + standardize,None (identity),Nearest Shrunken Centroid,0.127228,True,False,True,False,0.9305555555555556,0.9187234042553192,0.9906382978723405,0.88,0.9574468085106383,
Variance filter + standardize,PCA (50 components),Random Forest,4.823334,True,False,True,False,0.7638888888888888,0.66,0.9587234042553192,0.32,1.0,
Variance filter + standardize,PCA (50 components),Gradient Boosting,0.90116,True,False,True,False,0.8055555555555556,0.7293617021276595,0.7706382978723405,0.48,0.9787234042553191,
Variance filter + standardize,PCA (50 components),Hist Gradient Boosting,0.517943,True,False,True,False,0.9166666666666666,0.8893617021276596,0.9514893617021276,0.8,0.9787234042553191,
Variance filter + standardize,PCA (50 components),Logistic Regression,0.37528,True,False,True,False,0.9166666666666666,0.88,1.0,0.76,1.0,
Variance filter + standardize,PCA (50 components),SVM (linear),0.464456,True,False,True,False,0.9305555555555556,0.9,1.0,0.8,1.0,
Variance filter + standardize,PCA (50 components),SVM (RBF),0.444586,True,False,True,False,0.9027777777777778,0.86,0.9872340425531915,0.72,1.0,
Variance filter + standardize,PCA (50 components),Decision Tree,0.353331,True,False,True,False,0.8194444444444444,0.7493617021276595,0.7493617021276596,0.52,0.9787234042553191,
Variance filter + standardize,PCA (50 components),Naive Bayes,0.349796,True,False,True,False,0.8333333333333334,0.76,0.912340425531915,0.52,1.0,
Variance filter + standardize,PCA (50 components),k-NN,0.351613,True,False,True,False,0.7638888888888888,0.6787234042553192,0.7965957446808509,0.4,0.9574468085106383,
Variance filter + standardize,PCA (50 components),K-TSP (Top-Scoring Pairs),0.425369,True,False,True,False,0.75,0.7897872340425531,0.9259574468085107,0.92,0.6595744680851063,
Variance filter + standardize,PCA (50 components),Nearest Shrunken Centroid,0.343612,True,False,True,False,0.8333333333333334,0.8255319148936171,0.9182978723404256,0.8,0.851063829787234,
Variance filter + standardize,Class-conditional PCA,Random Forest,4.681942,True,False,True,False,0.7083333333333334,0.58,0.7672340425531915,0.16,1.0,
Variance filter + standardize,Class-conditional PCA,Gradient Boosting,0.735712,True,False,True,True,0.6388888888888888,0.5080851063829788,0.5208510638297873,0.08,0.9361702127659575,
Variance filter + standardize,Class-conditional PCA,Hist Gradient Boosting,0.431945,True,False,True,False,0.75,0.6493617021276595,0.741276595744681,0.32,0.9787234042553191,
Variance filter + standardize,Class-conditional PCA,Logistic Regression,0.426477,True,False,True,False,0.8055555555555556,0.7387234042553192,0.847659574468085,0.52,0.9574468085106383,
Variance filter + standardize,Class-conditional PCA,SVM (linear),0.392038,True,False,True,False,0.7916666666666666,0.7280851063829787,0.16851063829787238,0.52,0.9361702127659575,
Variance filter + standardize,Class-conditional PCA,SVM (RBF),0.359546,True,False,True,False,0.7083333333333334,0.6080851063829787,0.37872340425531914,0.28,0.9361702127659575,
Variance filter + standardize,Class-conditional PCA,Decision Tree,0.27504,True,False,True,True,0.6111111111111112,0.46808510638297873,0.46808510638297873,0.0,0.9361702127659575,
Variance filter + standardize,Class-conditional PCA,Naive Bayes,0.275105,True,False,True,False,0.7777777777777778,0.7174468085106382,0.8144680851063829,0.52,0.9148936170212766,
Variance filter + standardize,Class-conditional PCA,k-NN,0.278861,True,False,True,False,0.6527777777777778,0.5280851063829788,0.568936170212766,0.12,0.9361702127659575,
Variance filter + standardize,Class-conditional PCA,K-TSP (Top-Scoring Pairs),0.321125,True,False,True,False,0.7083333333333334,0.7391489361702128,0.8255319148936171,0.84,0.6382978723404256,
Variance filter + standardize,Class-conditional PCA,Nearest Shrunken Centroid,0.268668,True,False,True,False,0.7083333333333334,0.711063829787234,0.7259574468085107,0.72,0.7021276595744681,
Variance filter + standardize,Rank transform (TSP-style),Random Forest,5.021663,True,False,True,False,0.9305555555555556,0.9,0.9957446808510638,0.8,1.0,
Variance filter + standardize,Rank transform (TSP-style),Gradient Boosting,14.102369,True,False,True,False,0.8472222222222222,0.8361702127659575,0.8651063829787233,0.8,0.8723404255319149,
Variance filter + standardize,Rank transform (TSP-style),Hist Gradient Boosting,13.132532,True,False,True,False,0.8888888888888888,0.8868085106382979,0.8212765957446808,0.88,0.8936170212765957,
Variance filter + standardize,Rank transform (TSP-style),Logistic Regression,0.646142,True,False,True,False,0.9583333333333334,0.94,0.9974468085106383,0.88,1.0,
Variance filter + standardize,Rank transform (TSP-style),SVM (linear),0.871324,True,False,True,False,0.9583333333333334,0.94,0.9957446808510638,0.88,1.0,
Variance filter + standardize,Rank transform (TSP-style),SVM (RBF),0.948916,True,False,True,False,0.9166666666666666,0.88,0.982127659574468,0.76,1.0,
Variance filter + standardize,Rank transform (TSP-style),Decision Tree,0.667562,True,False,True,False,0.7916666666666666,0.765531914893617,0.765531914893617,0.68,0.851063829787234,
Variance filter + standardize,Rank transform (TSP-style),Naive Bayes,0.503843,True,False,True,False,0.9305555555555556,0.9093617021276595,0.9565957446808511,0.84,0.9787234042553191,
Variance filter + standardize,Rank transform (TSP-style),k-NN,0.492606,True,False,True,False,0.7916666666666666,0.7561702127659575,0.8846808510638298,0.64,0.8723404255319149,
Variance filter + standardize,Rank transform (TSP-style),K-TSP (Top-Scoring Pairs),3.50715,True,False,True,False,0.8333333333333334,0.8348936170212766,0.9034042553191488,0.84,0.8297872340425532,
Variance filter + standardize,Rank transform (TSP-style),Nearest Shrunken Centroid,0.4828,True,False,True,False,0.8333333333333334,0.8255319148936171,0.8212765957446809,0.8,0.851063829787234,
Variance filter + standardize,Select best 500 genes,Random Forest,4.574447,True,False,True,False,0.9861111111111112,0.98,0.9957446808510638,0.96,1.0,
Variance filter + standardize,Select best 500 genes,Gradient Boosting,1.61881,True,False,True,False,0.8194444444444444,0.8242553191489361,0.8331914893617021,0.84,0.8085106382978723,
Variance filter + standardize,Select best 500 genes,Hist Gradient Boosting,0.819255,True,False,True,False,0.9583333333333334,0.9587234042553192,0.9306382978723404,0.96,0.9574468085106383,
Variance filter + standardize,Select best 500 genes,Logistic Regression,0.168061,True,False,True,False,0.9861111111111112,0.98,0.9948936170212767,0.96,1.0,
Variance filter + standardize,Select best 500 genes,SVM (linear),0.238065,True,False,True,False,0.9861111111111112,0.98,0.9940425531914894,0.96,1.0,
Variance filter + standardize,Select best 500 genes,SVM (RBF),0.245325,True,False,True,False,0.9583333333333334,0.9587234042553192,0.9770212765957447,0.96,0.9574468085106383,
Variance filter + standardize,Select best 500 genes,Decision Tree,0.162586,True,False,True,False,0.8194444444444444,0.8148936170212766,0.8148936170212766,0.8,0.8297872340425532,
Variance filter + standardize,Select best 500 genes,Naive Bayes,0.151131,True,False,True,False,0.9722222222222222,0.9693617021276595,0.9880851063829788,0.96,0.9787234042553191,
Variance filter + standardize,Select best 500 genes,k-NN,0.155736,True,False,True,False,0.9444444444444444,0.9199999999999999,0.9787234042553191,0.84,1.0,
Variance filter + standardize,Select best 500 genes,K-TSP (Top-Scoring Pairs),3.179274,True,False,True,False,0.9166666666666666,0.9268085106382978,0.9914893617021276,0.96,0.8936170212765957,
Variance filter + standardize,Select best 500 genes,Nearest Shrunken Centroid,0.146256,True,False,True,False,0.9444444444444444,0.9293617021276596,0.9863829787234043,0.88,0.9787234042553191,
Log2 + standardize,None (identity),Random Forest,4.600404,True,False,True,False,0.9583333333333334,0.94,0.9982978723404256,0.88,1.0,
Log2 + standardize,None (identity),Gradient Boosting,13.293282,True,False,True,False,0.8333333333333334,0.8348936170212766,0.8123404255319149,0.84,0.8297872340425532,
Log2 + standardize,None (identity),Hist Gradient Boosting,12.480542,True,False,True,False,0.9583333333333334,0.9587234042553192,0.9306382978723403,0.96,0.9574468085106383,
Log2 + standardize,None (identity),Logistic Regression,0.361549,True,False,True,False,0.9444444444444444,0.9199999999999999,0.9948936170212767,0.84,1.0,
Log2 + standardize,None (identity),SVM (linear),0.497824,True,False,True,False,0.9583333333333334,0.94,0.9948936170212767,0.88,1.0,
Log2 + standardize,None (identity),SVM (RBF),0.553505,True,False,True,False,0.8472222222222222,0.78,0.9829787234042553,0.56,1.0,
Log2 + standardize,None (identity),Decision Tree,0.258881,True,False,True,False,0.8333333333333334,0.8255319148936171,0.825531914893617,0.8,0.851063829787234,
Log2 + standardize,None (identity),Naive Bayes,0.108208,True,False,True,True,0.5972222222222222,0.46680851063829787,0.46680851063829787,0.04,0.8936170212765957,
Log2 + standardize,None (identity),k-NN,0.09632,True,False,True,False,0.8611111111111112,0.8187234042553192,0.8936170212765957,0.68,0.9574468085106383,
Log2 + standardize,None (identity),K-TSP (Top-Scoring Pairs),3.109705,True,False,True,False,0.6666666666666666,0.6791489361702128,0.7417021276595746,0.72,0.6382978723404256,
Log2 + standardize,None (identity),Nearest Shrunken Centroid,0.090166,True,False,True,False,0.9722222222222222,0.9693617021276595,0.9991489361702127,0.96,0.9787234042553191,
Log2 + standardize,PCA (50 components),Random Forest,4.808298,True,False,True,False,0.75,0.64,0.9080851063829788,0.28,1.0,
Log2 + standardize,PCA (50 components),Gradient Boosting,0.865144,True,False,True,False,0.8194444444444444,0.7680851063829788,0.7944680851063829,0.6,0.9361702127659575,
Log2 + standardize,PCA (50 components),Hist Gradient Boosting,0.496303,True,False,True,False,0.8611111111111112,0.8374468085106384,0.8731914893617021,0.76,0.9148936170212766,
Log2 + standardize,PCA (50 components),Logistic Regression,0.357272,True,False,True,False,0.9444444444444444,0.9199999999999999,0.9940425531914894,0.84,1.0,
Log2 + standardize,PCA (50 components),SVM (linear),0.411986,True,False,True,False,0.9444444444444444,0.9199999999999999,0.9931914893617021,0.84,1.0,
Log2 + standardize,PCA (50 components),SVM (RBF),0.413803,True,False,True,False,0.9305555555555556,0.9,0.9838297872340425,0.8,1.0,
Log2 + standardize,PCA (50 components),Decision Tree,0.333943,True,False,True,False,0.8055555555555556,0.7387234042553192,0.7387234042553192,0.52,0.9574468085106383,
Log2 + standardize,PCA (50 components),Naive Bayes,0.331658,True,False,True,False,0.8333333333333334,0.7693617021276595,0.9302127659574468,0.56,0.9787234042553191,
Log2 + standardize,PCA (50 components),k-NN,0.332736,True,False,True,False,0.7777777777777778,0.6893617021276596,0.8238297872340425,0.4,0.9787234042553191,
Log2 + standardize,PCA (50 components),K-TSP (Top-Scoring Pairs),0.404929,True,False,True,False,0.6527777777777778,0.6872340425531915,0.8689361702127659,0.8,0.574468085106383,
Log2 + standardize,PCA (50 components),Nearest Shrunken Centroid,0.32474,True,False,True,False,0.9305555555555556,0.9187234042553192,0.9736170212765958,0.88,0.9574468085106383,
Log2 + standardize,Class-conditional PCA,Random Forest,4.668907,True,False,True,False,0.7222222222222222,0.6,0.8306382978723404,0.2,1.0,
Log2 + standardize,Class-conditional PCA,Gradient Boosting,0.741116,True,False,True,True,0.6527777777777778,0.5093617021276595,0.5587234042553192,0.04,0.9787234042553191,
Log2 + standardize,Class-conditional PCA,Hist Gradient Boosting,0.412066,True,False,True,False,0.7083333333333334,0.6548936170212766,0.8153191489361702,0.48,0.8297872340425532,
Log2 + standardize,Class-conditional PCA,Logistic Regression,0.439784,True,False,True,False,0.7361111111111112,0.6574468085106383,0.7863829787234043,0.4,0.9148936170212766,
Log2 + standardize,Class-conditional PCA,SVM (linear),0.591347,True,False,True,False,0.7222222222222222,0.6374468085106383,0.23659574468085107,0.36,0.9148936170212766,
Log2 + standardize,Class-conditional PCA,SVM (RBF),0.342149,True,False,True,False,0.6944444444444444,0.56,0.6757446808510639,0.12,1.0,
Log2 + standardize,Class-conditional PCA,Decision Tree,0.264063,True,False,True,False,0.6805555555555556,0.5587234042553192,0.5587234042553191,0.16,0.9574468085106383,
Log2 + standardize,Class-conditional PCA,Naive Bayes,0.252457,True,False,True,False,0.8472222222222222,0.7893617021276595,0.8212765957446807,0.6,0.9787234042553191,
Log2 + standardize,Class-conditional PCA,k-NN,0.256191,True,False,True,True,0.6527777777777778,0.5,0.5191489361702128,0.0,1.0,
Log2 + standardize,Class-conditional PCA,K-TSP (Top-Scoring Pairs),0.300067,True,False,True,False,0.75,0.7991489361702128,0.8710638297872341,0.96,0.6382978723404256,
Log2 + standardize,Class-conditional PCA,Nearest Shrunken Centroid,0.246217,True,False,True,False,0.7361111111111112,0.7510638297872341,0.7931914893617021,0.8,0.7021276595744681,
Log2 + standardize,Rank transform (TSP-style),Random Forest,4.944677,True,False,True,False,0.9444444444444444,0.9199999999999999,0.9923404255319149,0.84,1.0,
Log2 + standardize,Rank transform (TSP-style),Gradient Boosting,14.471243,True,False,True,False,0.8611111111111112,0.8561702127659574,0.8880851063829787,0.84,0.8723404255319149,
Log2 + standardize,Rank transform (TSP-style),Hist Gradient Boosting,13.358068,True,False,True,False,0.9444444444444444,0.9387234042553192,0.8902127659574469,0.92,0.9574468085106383,
Log2 + standardize,Rank transform (TSP-style),Logistic Regression,0.602795,True,False,True,False,0.9722222222222222,0.96,0.9957446808510638,0.92,1.0,
Log2 + standardize,Rank transform (TSP-style),SVM (linear),0.877508,True,False,True,False,0.9583333333333334,0.94,0.9974468085106383,0.88,1.0,
Log2 + standardize,Rank transform (TSP-style),SVM (RBF),0.89815,True,False,True,False,0.9305555555555556,0.9,0.9948936170212765,0.8,1.0,
Log2 + standardize,Rank transform (TSP-style),Decision Tree,0.63974,True,False,True,False,0.8333333333333334,0.8068085106382978,0.8068085106382978,0.72,0.8936170212765957,
Log2 + standardize,Rank transform (TSP-style),Naive Bayes,0.596874,True,False,True,False,0.9166666666666666,0.88,0.9480851063829787,0.76,1.0,
Log2 + standardize,Rank transform (TSP-style),k-NN,0.44507,True,False,True,False,0.875,0.8574468085106384,0.9434042553191491,0.8,0.9148936170212766,
Log2 + standardize,Rank transform (TSP-style),K-TSP (Top-Scoring Pairs),3.456802,True,False,True,False,0.7777777777777778,0.7923404255319149,0.8727659574468085,0.84,0.7446808510638298,
Log2 + standardize,Rank transform (TSP-style),Nearest Shrunken Centroid,0.435806,True,False,True,False,0.9027777777777778,0.8974468085106383,0.8974468085106383,0.88,0.9148936170212766,
Log2 + standardize,Select best 500 genes,Random Forest,4.612606,True,False,True,False,0.9722222222222222,0.96,0.9970212765957447,0.92,1.0,
Log2 + standardize,Select best 500 genes,Gradient Boosting,1.491407,True,False,True,False,0.8194444444444444,0.8148936170212766,0.8327659574468085,0.8,0.8297872340425532,
Log2 + standardize,Select best 500 genes,Hist Gradient Boosting,0.798032,True,False,True,False,0.9583333333333334,0.9587234042553192,0.9306382978723403,0.96,0.9574468085106383,
Log2 + standardize,Select best 500 genes,Logistic Regression,0.152165,True,False,True,False,0.9861111111111112,0.98,0.9965957446808511,0.96,1.0,
Log2 + standardize,Select best 500 genes,SVM (linear),0.220682,True,False,True,False,0.9861111111111112,0.98,0.9940425531914894,0.96,1.0,
Log2 + standardize,Select best 500 genes,SVM (RBF),0.230784,True,False,True,False,0.9722222222222222,0.9693617021276595,0.9897872340425532,0.96,0.9787234042553191,
Log2 + standardize,Select best 500 genes,Decision Tree,0.146996,True,False,True,False,0.8333333333333334,0.8348936170212766,0.8348936170212765,0.84,0.8297872340425532,
Log2 + standardize,Select best 500 genes,Naive Bayes,0.13405,True,False,True,False,0.9027777777777778,0.8974468085106383,0.905531914893617,0.88,0.9148936170212766,
Log2 + standardize,Select best 500 genes,k-NN,0.138448,True,False,True,False,0.9722222222222222,0.96,0.9782978723404255,0.92,1.0,
Log2 + standardize,Select best 500 genes,K-TSP (Top-Scoring Pairs),3.166335,True,False,True,False,0.9166666666666666,0.9268085106382978,0.9863829787234044,0.96,0.8936170212765957,
Log2 + standardize,Select best 500 genes,Nearest Shrunken Centroid,0.12684,True,False,True,False,0.9722222222222222,0.9693617021276595,0.9974468085106383,0.96,0.9787234042553191,
